t,x,y,z,dx,dy,dz
0, 0.03785, 0, 0, 0, -6.35, 0
0.01, 0.0211852, -0.0572379, 0, -2.79881, -4.7754, 0
0.02, -0.0101935, -0.0965051, 0, -3.29515, -3.22884, 0
0.03, -0.0431238, -0.124118, 0, -3.26174, -2.37223, 0
0.04, -0.0751874, -0.145035, 0, -3.14768, -1.84829, 0
0.05, -0.106075, -0.161628, 0, -3.03124, -1.49037, 0
0.06, -0.135852, -0.175148, 0, -2.92649, -1.22534, 0
0.07, -0.164647, -0.186324, 0, -2.83455, -1.0174, 0
0.08, -0.192581, -0.195621, 0, -2.75381, -0.847139, 0
0.09, -0.219754, -0.203354, 0, -2.68237, -0.703149, 0
0.1, -0.246253, -0.209747, 0, -2.61853, -0.578291, 0
0.11, -0.272146, -0.214967, 0, -2.56092, -0.467857, 0
0.12, -0.297489, -0.219142, 0, -2.50842, -0.368614, 0
0.13, -0.322328, -0.222369, 0, -2.46016, -0.278263, 0
0.14, -0.346704, -0.224731, 0, -2.41542, -0.195122, 0
0.15, -0.370647, -0.226292, 0, -2.37363, -0.11793, 0
0.16, -0.394184, -0.227106, 0, -2.33432, -0.0457228, 0
0.17, -0.41734, -0.22722, 0, -2.29713, 0.0222527, 0
0.18, -0.440133, -0.226673, 0, -2.26172, 0.086592, 0
0.19, -0.462579, -0.225499, 0, -2.22783, 0.147774, 0
0.2, -0.484694, -0.223727, 0, -2.19525, 0.206187, 0
0.21, -0.506488, -0.221383, 0, -2.16379, 0.262151, 0
0.22, -0.527973, -0.218491, 0, -2.13328, 0.315931, 0
0.23, -0.549157, -0.215071, 0, -2.10359, 0.36775, 0
0.24, -0.570047, -0.211142, 0, -2.07461, 0.417796, 0
0.25, -0.590651, -0.206721, 0, -2.04622, 0.466227, 0
0.26, -0.610973, -0.201822, 0, -2.01835, 0.513181, 0
0.27, -0.631019, -0.196461, 0, -1.99091, 0.558775, 0
0.28, -0.650793, -0.190651, 0, -1.96384, 0.60311, 0
0.29, -0.670297, -0.184403, 0, -1.93708, 0.646276, 0
0.3, -0.689535, -0.177729, 0, -1.91057, 0.688349, 0
0.31, -0.708509, -0.17064, 0, -1.88427, 0.729398, 0
0.32, -0.727221, -0.163144, 0, -1.85814, 0.769482, 0
0.33, -0.745672, -0.155253, 0, -1.83214, 0.808654, 0
0.34, -0.763864, -0.146974, 0, -1.80623, 0.846961, 0
0.35, -0.781797, -0.138317, 0, -1.7804, 0.884446, 0
0.36, -0.799472, -0.129288, 0, -1.75461, 0.921144, 0
0.37, -0.816889, -0.119896, 0, -1.72883, 0.957089, 0
0.38, -0.834049, -0.110149, 0, -1.70306, 0.992312, 0
0.39, -0.850951, -0.100052, 0, -1.67727, 1.02684, 0
0.4, -0.867594, -0.089614, 0, -1.65144, 1.06069, 0
0.41, -0.883979, -0.0788406, 0, -1.62556, 1.0939, 0
0.42, -0.900105, -0.0677382, 0, -1.59961, 1.12647, 0
0.43, -0.915971, -0.0563132, 0, -1.57359, 1.15843, 0
0.44, -0.931577, -0.0445717, 0, -1.54748, 1.18979, 0
0.45, -0.94692, -0.0325194, 0, -1.52127, 1.22057, 0
0.46, -0.962002, -0.0201621, 0, -1.49495, 1.25078, 0
0.47, -0.976819, -0.00750559, 0, -1.46853, 1.28043, 0
0.48, -0.991372, 0.00544474, 0, -1.44198, 1.30954, 0
0.49, -1.00566, 0.0186835, 0, -1.41531, 1.33811, 0
0.5, -1.01968, 0.0322052, 0, -1.3885, 1.36615, 0
0.51, -1.03343, 0.0460048, 0, -1.36156, 1.39368, 0
0.52, -1.04691, 0.060077, 0, -1.33448, 1.42069, 0
0.53, -1.06012, 0.0744168, 0, -1.30725, 1.44719, 0
0.54, -1.07305, 0.0890192, 0, -1.27988, 1.4732, 0
0.55, -1.08571, 0.103879, 0, -1.25236, 1.49871, 0
0.56, -1.0981, 0.118992, 0, -1.22468, 1.52373, 0
0.57, -1.11021, 0.134352, 0, -1.19686, 1.54827, 0
0.58, -1.12204, 0.149956, 0, -1.16888, 1.57233, 0
0.59, -1.13358, 0.165797, 0, -1.14074, 1.59591, 0
0.6, -1.14485, 0.181872, 0, -1.11245, 1.61902, 0
0.61, -1.15583, 0.198176, 0, -1.084, 1.64167, 0
0.62, -1.16653, 0.214704, 0, -1.0554, 1.66384, 0
0.63, -1.17694, 0.231451, 0, -1.02664, 1.68555, 0
0.64, -1.18706, 0.248413, 0, -0.997723, 1.7068, 0
0.65, -1.19689, 0.265586, 0, -0.968654, 1.72759, 0
0.66, -1.20643, 0.282964, 0, -0.939431, 1.74792, 0
0.67, -1.21568, 0.300543, 0, -0.910055, 1.7678, 0
0.68, -1.22464, 0.318318, 0, -0.880528, 1.78722, 0
0.69, -1.23329, 0.336285, 0, -0.850851, 1.80618, 0
0.7, -1.24165, 0.35444, 0, -0.821026, 1.8247, 0
0.71, -1.24971, 0.372778, 0, -0.791055, 1.84276, 0
0.72, -1.25747, 0.391294, 0, -0.760939, 1.86038, 0
0.73, -1.26493, 0.409984, 0, -0.730682, 1.87754, 0
0.74, -1.27209, 0.428843, 0, -0.700285, 1.89426, 0
0.75, -1.27894, 0.447868, 0, -0.66975, 1.91053, 0
0.76, -1.28548, 0.467053, 0, -0.639081, 1.92635, 0
0.77, -1.29172, 0.486393, 0, -0.608279, 1.94173, 0
0.78, -1.29765, 0.505886, 0, -0.577348, 1.95666, 0
0.79, -1.30326, 0.525525, 0, -0.54629, 1.97114, 0
0.8, -1.30857, 0.545307, 0, -0.515108, 1.98517, 0
0.81, -1.31357, 0.565227, 0, -0.483806, 1.99877, 0
0.82, -1.31825, 0.585281, 0, -0.452386, 2.01191, 0
0.83, -1.32261, 0.605464, 0, -0.420852, 2.02461, 0
0.84, -1.32666, 0.625771, 0, -0.389208, 2.03687, 0
0.85, -1.3304, 0.6462, 0, -0.357455, 2.04868, 0
0.86, -1.33381, 0.666744, 0, -0.325598, 2.06004, 0
0.87, -1.33691, 0.687399, 0, -0.293641, 2.07096, 0
0.88, -1.33968, 0.708161, 0, -0.261587, 2.08144, 0
0.89, -1.34214, 0.729026, 0, -0.229439, 2.09147, 0
0.9, -1.34427, 0.749989, 0, -0.197201, 2.10106, 0
0.91, -1.34608, 0.771046, 0, -0.164878, 2.1102, 0
0.92, -1.34757, 0.792192, 0, -0.132473, 2.1189, 0
0.93, -1.34873, 0.813422, 0, -0.099989, 2.12715, 0
0.94, -1.34957, 0.834733, 0, -0.0674311, 2.13496, 0
0.95, -1.35008, 0.85612, 0, -0.034803, 2.14232, 0
0.96, -1.35027, 0.877578, 0, -0.00210856, 2.14924, 0
0.97, -1.35012, 0.899103, 0, 0.030648, 2.15571, 0
0.98, -1.34965, 0.920691, 0, 0.0634627, 2.16174, 0
0.99, -1.34885, 0.942337, 0, 0.0963314, 2.16732, 0
1, -1.34773, 0.964036, 0, 0.12925, 2.17246, 0
1.01, -1.34627, 0.985784, 0, 0.162214, 2.17716, 0
1.02, -1.34448, 1.00758, 0, 0.195219, 2.18141, 0
1.03, -1.34236, 1.02941, 0, 0.228261, 2.18521, 0
1.04, -1.33992, 1.05128, 0, 0.261336, 2.18858, 0
1.05, -1.33714, 1.07318, 0, 0.294439, 2.19149, 0
1.06, -1.33403, 1.09511, 0, 0.327566, 2.19397, 0
1.07, -1.33059, 1.11706, 0, 0.360712, 2.196, 0
1.08, -1.32681, 1.13903, 0, 0.393874, 2.19759, 0
1.09, -1.32271, 1.16101, 0, 0.427046, 2.19873, 0
1.1, -1.31827, 1.183, 0, 0.460224, 2.19944, 0
1.11, -1.3135, 1.205, 0, 0.493404, 2.1997, 0
1.12, -1.3084, 1.22699, 0, 0.526581, 2.19952, 0
1.13, -1.30297, 1.24899, 0, 0.55975, 2.19889, 0
1.14, -1.29721, 1.27097, 0, 0.592908, 2.19783, 0
1.15, -1.29111, 1.29294, 0, 0.626049, 2.19633, 0
1.16, -1.28469, 1.31489, 0, 0.659169, 2.19438, 0
1.17, -1.27793, 1.33683, 0, 0.692263, 2.192, 0
1.18, -1.27084, 1.35873, 0, 0.725327, 2.18918, 0
1.19, -1.26342, 1.38061, 0, 0.758356, 2.18592, 0
1.2, -1.25568, 1.40245, 0, 0.791345, 2.18222, 0
1.21, -1.2476, 1.42425, 0, 0.82429, 2.17809, 0
1.22, -1.23919, 1.44601, 0, 0.857186, 2.17352, 0
1.23, -1.23045, 1.46772, 0, 0.890029, 2.16852, 0
1.24, -1.22139, 1.48938, 0, 0.922813, 2.16308, 0
1.25, -1.212, 1.51098, 0, 0.955534, 2.1572, 0
1.26, -1.20228, 1.53252, 0, 0.988188, 2.1509, 0
1.27, -1.19223, 1.554, 0, 1.02077, 2.14416, 0
1.28, -1.18186, 1.5754, 0, 1.05327, 2.137, 0
1.29, -1.17117, 1.59674, 0, 1.0857, 2.1294, 0
1.3, -1.16015, 1.61799, 0, 1.11803, 2.12138, 0
1.31, -1.14881, 1.63916, 0, 1.15028, 2.11293, 0
1.32, -1.13714, 1.66025, 0, 1.18243, 2.10405, 0
1.33, -1.12516, 1.68124, 0, 1.21448, 2.09475, 0
1.34, -1.11286, 1.70214, 0, 1.24642, 2.08502, 0
1.35, -1.10023, 1.72294, 0, 1.27826, 2.07487, 0
1.36, -1.08729, 1.74364, 0, 1.30998, 2.06431, 0
1.37, -1.07403, 1.76423, 0, 1.34158, 2.05332, 0
1.38, -1.06046, 1.7847, 0, 1.37306, 2.04191, 0
1.39, -1.04657, 1.80506, 0, 1.40441, 2.03009, 0
1.4, -1.03237, 1.8253, 0, 1.43562, 2.01786, 0
1.41, -1.01786, 1.84542, 0, 1.4667, 2.00521, 0
1.42, -1.00304, 1.86541, 0, 1.49764, 1.99215, 0
1.43, -0.987908, 1.88526, 0, 1.52842, 1.97868, 0
1.44, -0.97247, 1.90498, 0, 1.55906, 1.9648, 0
1.45, -0.956727, 1.92455, 0, 1.58954, 1.95052, 0
1.46, -0.94068, 1.94399, 0, 1.61986, 1.93583, 0
1.47, -0.924331, 1.96327, 0, 1.65002, 1.92074, 0
1.48, -0.90768, 1.9824, 0, 1.68, 1.90525, 0
1.49, -0.890731, 2.00137, 0, 1.70981, 1.88936, 0
1.5, -0.873485, 2.02019, 0, 1.73945, 1.87307, 0
1.51, -0.855943, 2.03883, 0, 1.76889, 1.85639, 0
1.52, -0.838107, 2.05731, 0, 1.79816, 1.83932, 0
1.53, -0.81998, 2.07562, 0, 1.82722, 1.82186, 0
1.54, -0.801564, 2.09375, 0, 1.85609, 1.80401, 0
1.55, -0.782859, 2.1117, 0, 1.88476, 1.78578, 0
1.56, -0.763869, 2.12946, 0, 1.91323, 1.76716, 0
1.57, -0.744595, 2.14704, 0, 1.94148, 1.74816, 0
1.58, -0.72504, 2.16442, 0, 1.96952, 1.72878, 0
1.59, -0.705206, 2.18161, 0, 1.99734, 1.70903, 0
1.6, -0.685094, 2.1986, 0, 2.02494, 1.6889, 0
1.61, -0.664708, 2.21539, 0, 2.05231, 1.66841, 0
1.62, -0.644049, 2.23197, 0, 2.07944, 1.64754, 0
1.63, -0.62312, 2.24834, 0, 2.10634, 1.62631, 0
1.64, -0.601923, 2.2645, 0, 2.133, 1.60472, 0
1.65, -0.58046, 2.28043, 0, 2.15942, 1.58276, 0
1.66, -0.558735, 2.29615, 0, 2.18559, 1.56045, 0
1.67, -0.536749, 2.31164, 0, 2.2115, 1.53779, 0
1.68, -0.514506, 2.3269, 0, 2.23716, 1.51477, 0
1.69, -0.492007, 2.34194, 0, 2.26255, 1.49141, 0
1.7, -0.469256, 2.35673, 0, 2.28768, 1.46769, 0
1.71, -0.446254, 2.37129, 0, 2.31254, 1.44364, 0
1.72, -0.423006, 2.3856, 0, 2.33713, 1.41925, 0
1.73, -0.399513, 2.39967, 0, 2.36144, 1.39452, 0
1.74, -0.375778, 2.41349, 0, 2.38547, 1.36946, 0
1.75, -0.351804, 2.42706, 0, 2.40921, 1.34406, 0
1.76, -0.327594, 2.44037, 0, 2.43267, 1.31835, 0
1.77, -0.303152, 2.45343, 0, 2.45583, 1.2923, 0
1.78, -0.278479, 2.46622, 0, 2.47869, 1.26594, 0
1.79, -0.253579, 2.47874, 0, 2.50125, 1.23926, 0
1.8, -0.228455, 2.491, 0, 2.52351, 1.21227, 0
1.81, -0.20311, 2.50299, 0, 2.54546, 1.18496, 0
1.82, -0.177547, 2.5147, 0, 2.5671, 1.15735, 0
1.83, -0.151769, 2.52613, 0, 2.58842, 1.12944, 0
1.84, -0.125779, 2.53729, 0, 2.60942, 1.10123, 0
1.85, -0.0995815, 2.54816, 0, 2.6301, 1.07272, 0
1.86, -0.0731784, 2.55874, 0, 2.65045, 1.04393, 0
1.87, -0.0465735, 2.56904, 0, 2.67048, 1.01484, 0
1.88, -0.01977, 2.57904, 0, 2.69017, 0.985466, 0
1.89, 0.00722874, 2.58874, 0, 2.70952, 0.955813, 0
1.9, 0.0344193, 2.59815, 0, 2.72853, 0.925884, 0
1.91, 0.0617983, 2.60726, 0, 2.7472, 0.895681, 0
1.92, 0.0893622, 2.61607, 0, 2.76552, 0.865209, 0
1.93, 0.117108, 2.62456, 0, 2.78349, 0.834472, 0
1.94, 0.145031, 2.63275, 0, 2.80111, 0.803474, 0
1.95, 0.173129, 2.64063, 0, 2.81837, 0.772219, 0
1.96, 0.201397, 2.6482, 0, 2.83527, 0.74071, 0
1.97, 0.229833, 2.65545, 0, 2.85181, 0.708953, 0
1.98, 0.258432, 2.66238, 0, 2.86799, 0.67695, 0
1.99, 0.287191, 2.66898, 0, 2.88379, 0.644707, 0
2, 0.316107, 2.67527, 0, 2.89922, 0.612227, 0
2.01, 0.345175, 2.68123, 0, 2.91428, 0.579514, 0
2.02, 0.374391, 2.68686, 0, 2.92895, 0.546574, 0
2.03, 0.403752, 2.69216, 0, 2.94325, 0.51341, 0
2.04, 0.433255, 2.69713, 0, 2.95716, 0.480026, 0
2.05, 0.462894, 2.70176, 0, 2.97069, 0.446427, 0
2.06, 0.492667, 2.70605, 0, 2.98383, 0.412618, 0
2.07, 0.52257, 2.71001, 0, 2.99658, 0.378602, 0
2.08, 0.552597, 2.71363, 0, 3.00893, 0.344384, 0
2.09, 0.582747, 2.7169, 0, 3.02088, 0.30997, 0
2.1, 0.613014, 2.71982, 0, 3.03244, 0.275362, 0
2.11, 0.643394, 2.7224, 0, 3.04359, 0.240566, 0
2.12, 0.673884, 2.72463, 0, 3.05434, 0.205586, 0
2.13, 0.70448, 2.72651, 0, 3.06469, 0.170427, 0
2.14, 0.735177, 2.72804, 0, 3.07462, 0.135094, 0
2.15, 0.765971, 2.72922, 0, 3.08414, 0.0995908, 0
2.16, 0.796858, 2.73003, 0, 3.09325, 0.0639227, 0
2.17, 0.827834, 2.73049, 0, 3.10195, 0.0280942, 0
2.18, 0.858896, 2.7306, 0, 3.11022, -0.00788997, 0
2.19, 0.890038, 2.73034, 0, 3.11808, -0.044025, 0
2.2, 0.921256, 2.72971, 0, 3.12551, -0.0803061, 0
2.21, 0.952546, 2.72873, 0, 3.13252, -0.116728, 0
2.22, 0.983905, 2.72738, 0, 3.13911, -0.153287, 0
2.23, 1.01533, 2.72566, 0, 3.14527, -0.189977, 0
2.24, 1.04681, 2.72358, 0, 3.15099, -0.226794, 0
2.25, 1.07835, 2.72113, 0, 3.15629, -0.263733, 0
2.26, 1.10993, 2.7183, 0, 3.16115, -0.300789, 0
2.27, 1.14157, 2.71511, 0, 3.16558, -0.337956, 0
2.28, 1.17324, 2.71154, 0, 3.16958, -0.37523, 0
2.29, 1.20496, 2.70761, 0, 3.17313, -0.412607, 0
2.3, 1.2367, 2.70329, 0, 3.17625, -0.45008, 0
2.31, 1.26848, 2.6986, 0, 3.17893, -0.487644, 0
2.32, 1.30028, 2.69354, 0, 3.18116, -0.525296, 0
2.33, 1.3321, 2.6881, 0, 3.18295, -0.56303, 0
2.34, 1.36394, 2.68228, 0, 3.1843, -0.60084, 0
2.35, 1.39579, 2.67608, 0, 3.1852, -0.638721, 0
2.36, 1.42764, 2.6695, 0, 3.18565, -0.676669, 0
2.37, 1.4595, 2.66255, 0, 3.18566, -0.714679, 0
2.38, 1.49135, 2.65521, 0, 3.18522, -0.752744, 0
2.39, 1.5232, 2.64749, 0, 3.18433, -0.790861, 0
2.4, 1.55504, 2.63939, 0, 3.18298, -0.829023, 0
2.41, 1.58686, 2.63091, 0, 3.18119, -0.867226, 0
2.42, 1.61866, 2.62205, 0, 3.17894, -0.905464, 0
2.43, 1.65044, 2.6128, 0, 3.17624, -0.943733, 0
2.44, 1.68218, 2.60317, 0, 3.17309, -0.982027, 0
2.45, 1.7139, 2.59316, 0, 3.16948, -1.02034, 0
2.46, 1.74557, 2.58277, 0, 3.16541, -1.05867, 0
2.47, 1.7772, 2.57199, 0, 3.16089, -1.09701, 0
2.48, 1.80879, 2.56083, 0, 3.15592, -1.13535, 0
2.49, 1.84032, 2.54928, 0, 3.15049, -1.17369, 0
2.5, 1.8718, 2.53735, 0, 3.1446, -1.21202, 0
2.51, 1.90321, 2.52504, 0, 3.13825, -1.25034, 0
2.52, 1.93456, 2.51235, 0, 3.13145, -1.28865, 0
2.53, 1.96584, 2.49927, 0, 3.12419, -1.32693, 0
2.54, 1.99704, 2.48581, 0, 3.11647, -1.36518, 0
2.55, 2.02817, 2.47196, 0, 3.10829, -1.4034, 0
2.56, 2.05921, 2.45774, 0, 3.09966, -1.44159, 0
2.57, 2.09016, 2.44313, 0, 3.09057, -1.47973, 0
2.58, 2.12102, 2.42814, 0, 3.08102, -1.51782, 0
2.59, 2.15178, 2.41278, 0, 3.07101, -1.55585, 0
2.6, 2.18244, 2.39703, 0, 3.06055, -1.59383, 0
2.61, 2.21299, 2.3809, 0, 3.04963, -1.63174, 0
2.62, 2.24343, 2.36439, 0, 3.03825, -1.66959, 0
2.63, 2.27375, 2.34751, 0, 3.02642, -1.70735, 0
2.64, 2.30395, 2.33025, 0, 3.01413, -1.74504, 0
2.65, 2.33403, 2.31261, 0, 3.00139, -1.78264, 0
2.66, 2.36398, 2.29459, 0, 2.98819, -1.82015, 0
2.67, 2.39379, 2.27621, 0, 2.97454, -1.85756, 0
2.68, 2.42347, 2.25744, 0, 2.96044, -1.89487, 0
2.69, 2.453, 2.23831, 0, 2.94589, -1.93207, 0
2.7, 2.48238, 2.2188, 0, 2.93088, -1.96916, 0
2.71, 2.51162, 2.19893, 0, 2.91543, -2.00614, 0
2.72, 2.54069, 2.17868, 0, 2.89952, -2.04299, 0
2.73, 2.56961, 2.15807, 0, 2.88317, -2.07971, 0
2.74, 2.59835, 2.13709, 0, 2.86636, -2.1163, 0
2.75, 2.62693, 2.11574, 0, 2.84912, -2.15275, 0
2.76, 2.65533, 2.09403, 0, 2.83143, -2.18905, 0
2.77, 2.68356, 2.07196, 0, 2.81329, -2.22521, 0
2.78, 2.7116, 2.04953, 0, 2.79471, -2.26121, 0
2.79, 2.73945, 2.02674, 0, 2.77569, -2.29705, 0
2.8, 2.76711, 2.00359, 0, 2.75624, -2.33273, 0
2.81, 2.79457, 1.98008, 0, 2.73634, -2.36824, 0
2.82, 2.82184, 1.95622, 0, 2.71601, -2.40357, 0
2.83, 2.84889, 1.93201, 0, 2.69524, -2.43872, 0
2.84, 2.87574, 1.90745, 0, 2.67404, -2.47369, 0
2.85, 2.90237, 1.88254, 0, 2.65241, -2.50847, 0
2.86, 2.92879, 1.85728, 0, 2.63035, -2.54305, 0
2.87, 2.95498, 1.83168, 0, 2.60786, -2.57743, 0
2.88, 2.98094, 1.80573, 0, 2.58494, -2.61161, 0
2.89, 3.00668, 1.77945, 0, 2.5616, -2.64557, 0
2.9, 3.03217, 1.75282, 0, 2.53784, -2.67932, 0
2.91, 3.05743, 1.72586, 0, 2.51366, -2.71285, 0
2.92, 3.08244, 1.69857, 0, 2.48906, -2.74615, 0
2.93, 3.10721, 1.67094, 0, 2.46405, -2.77922, 0
2.94, 3.13172, 1.64298, 0, 2.43862, -2.81206, 0
2.95, 3.15598, 1.6147, 0, 2.41278, -2.84465, 0
2.96, 3.17998, 1.58609, 0, 2.38654, -2.877, 0
2.97, 3.20371, 1.55716, 0, 2.35989, -2.9091, 0
2.98, 3.22718, 1.52791, 0, 2.33283, -2.94094, 0
2.99, 3.25037, 1.49834, 0, 2.30537, -2.97253, 0
3, 3.27328, 1.46846, 0, 2.27752, -3.00385, 0
3.01, 3.29592, 1.43827, 0, 2.24926, -3.0349, 0
3.02, 3.31827, 1.40776, 0, 2.22062, -3.06568, 0
3.03, 3.34033, 1.37695, 0, 2.19158, -3.09617, 0
3.04, 3.3621, 1.34584, 0, 2.16216, -3.12639, 0
3.05, 3.38357, 1.31443, 0, 2.13235, -3.15631, 0
3.06, 3.40474, 1.28271, 0, 2.10216, -3.18594, 0
3.07, 3.42561, 1.25071, 0, 2.07159, -3.21528, 0
3.08, 3.44617, 1.21841, 0, 2.04065, -3.24431, 0
3.09, 3.46642, 1.18582, 0, 2.00933, -3.27304, 0
3.1, 3.48636, 1.15295, 0, 1.97764, -3.30145, 0
3.11, 3.50597, 1.11979, 0, 1.94559, -3.32955, 0
3.12, 3.52527, 1.08636, 0, 1.91317, -3.35733, 0
3.13, 3.54424, 1.05265, 0, 1.88039, -3.38479, 0
3.14, 3.56287, 1.01867, 0, 1.84726, -3.41191, 0
3.15, 3.58118, 0.984412, 0, 1.81377, -3.4387, 0
3.16, 3.59915, 0.949892, 0, 1.77993, -3.46516, 0
3.17, 3.61678, 0.91511, 0, 1.74575, -3.49127, 0
3.18, 3.63406, 0.880068, 0, 1.71122, -3.51704, 0
3.19, 3.651, 0.84477, 0, 1.67635, -3.54246, 0
3.2, 3.66759, 0.80922, 0, 1.64115, -3.56752, 0
3.21, 3.68382, 0.773421, 0, 1.60562, -3.59223, 0
3.22, 3.6997, 0.737377, 0, 1.56975, -3.61657, 0
3.23, 3.71522, 0.701091, 0, 1.53357, -3.64055, 0
3.24, 3.73037, 0.664567, 0, 1.49706, -3.66415, 0
3.25, 3.74516, 0.627809, 0, 1.46023, -3.68738, 0
3.26, 3.75957, 0.590821, 0, 1.42309, -3.71023, 0
3.27, 3.77362, 0.553606, 0, 1.38565, -3.7327, 0
3.28, 3.78729, 0.516168, 0, 1.3479, -3.75479, 0
3.29, 3.80057, 0.478511, 0, 1.30984, -3.77648, 0
3.3, 3.81348, 0.44064, 0, 1.27149, -3.79778, 0
3.31, 3.826, 0.402557, 0, 1.23285, -3.81868, 0
3.32, 3.83814, 0.364267, 0, 1.19392, -3.83919, 0
3.33, 3.84988, 0.325775, 0, 1.1547, -3.85928, 0
3.34, 3.86123, 0.287083, 0, 1.11521, -3.87897, 0
3.35, 3.87218, 0.248197, 0, 1.07543, -3.89825, 0
3.36, 3.88274, 0.20912, 0, 1.03539, -3.91711, 0
3.37, 3.89289, 0.169856, 0, 0.99508, -3.93555, 0
3.38, 3.90264, 0.13041, 0, 0.954507, -3.95357, 0
3.39, 3.91198, 0.0907859, 0, 0.913676, -3.97117, 0
3.4, 3.92091, 0.050988, 0, 0.872591, -3.98833, 0
3.41, 3.92943, 0.0110207, 0, 0.831257, -4.00507, 0
3.42, 3.93754, -0.0291119, 0, 0.789679, -4.02136, 0
3.43, 3.94522, -0.0694052, 0, 0.747861, -4.03722, 0
3.44, 3.95249, -0.109855, 0, 0.705807, -4.05264, 0
3.45, 3.95934, -0.150457, 0, 0.663523, -4.06762, 0
3.46, 3.96576, -0.191206, 0, 0.621014, -4.08214, 0
3.47, 3.97176, -0.232098, 0, 0.578283, -4.09622, 0
3.48, 3.97733, -0.273129, 0, 0.535336, -4.10984, 0
3.49, 3.98246, -0.314293, 0, 0.492178, -4.12301, 0
3.5, 3.98717, -0.355587, 0, 0.448813, -4.13571, 0
3.51, 3.99144, -0.397006, 0, 0.405247, -4.14796, 0
3.52, 3.99527, -0.438545, 0, 0.361484, -4.15974, 0
3.53, 3.99867, -0.480199, 0, 0.31753, -4.17105, 0
3.54, 4.00162, -0.521964, 0, 0.273389, -4.1819, 0
3.55, 4.00414, -0.563836, 0, 0.229067, -4.19227, 0
3.56, 4.0062, -0.605808, 0, 0.184568, -4.20216, 0
3.57, 4.00783, -0.647877, 0, 0.139898, -4.21158, 0
3.58, 4.009, -0.690038, 0, 0.095062, -4.22052, 0
3.59, 4.00973, -0.732286, 0, 0.0500647, -4.22898, 0
3.6, 4.01, -0.774616, 0, 0.00491166, -4.23695, 0
3.61, 4.00983, -0.817023, 0, -0.040392, -4.24444, 0
3.62, 4.00919, -0.859503, 0, -0.0858409, -4.25143, 0
3.63, 4.00811, -0.90205, 0, -0.13143, -4.25794, 0
3.64, 4.00657, -0.94466, 0, -0.177154, -4.26396, 0
3.65, 4.00456, -0.987328, 0, -0.223007, -4.26948, 0
3.66, 4.00211, -1.03005, 0, -0.268984, -4.2745, 0
3.67, 3.99918, -1.07282, 0, -0.31508, -4.27902, 0
3.68, 3.9958, -1.11563, 0, -0.361289, -4.28305, 0
3.69, 3.99196, -1.15848, 0, -0.407605, -4.28657, 0
3.7, 3.98765, -1.20136, 0, -0.454025, -4.28959, 0
3.71, 3.98288, -1.24427, 0, -0.500541, -4.2921, 0
3.72, 3.97764, -1.2872, 0, -0.547148, -4.29411, 0
3.73, 3.97193, -1.33015, 0, -0.593841, -4.2956, 0
3.74, 3.96576, -1.37311, 0, -0.640615, -4.29659, 0
3.75, 3.95912, -1.41608, 0, -0.687463, -4.29707, 0
3.76, 3.95201, -1.45905, 0, -0.73438, -4.29703, 0
3.77, 3.94443, -1.50201, 0, -0.781361, -4.29648, 0
3.78, 3.93639, -1.54497, 0, -0.8284, -4.29541, 0
3.79, 3.92787, -1.58792, 0, -0.875491, -4.29383, 0
3.8, 3.91888, -1.63085, 0, -0.922628, -4.29173, 0
3.81, 3.90941, -1.67375, 0, -0.969807, -4.28912, 0
3.82, 3.89948, -1.71663, 0, -1.01702, -4.28598, 0
3.83, 3.88907, -1.75947, 0, -1.06426, -4.28232, 0
3.84, 3.87819, -1.80228, 0, -1.11153, -4.27814, 0
3.85, 3.86684, -1.84503, 0, -1.15882, -4.27344, 0
3.86, 3.85502, -1.88774, 0, -1.20612, -4.26822, 0
3.87, 3.84272, -1.9304, 0, -1.25342, -4.26247, 0
3.88, 3.82995, -1.97299, 0, -1.30073, -4.2562, 0
3.89, 3.81671, -2.01552, 0, -1.34803, -4.24941, 0
3.9, 3.80299, -2.05798, 0, -1.39532, -4.24209, 0
3.91, 3.7888, -2.10036, 0, -1.44259, -4.23424, 0
3.92, 3.77414, -2.14266, 0, -1.48984, -4.22587, 0
3.93, 3.759, -2.18487, 0, -1.53706, -4.21698, 0
3.94, 3.7434, -2.227, 0, -1.58425, -4.20755, 0
3.95, 3.72732, -2.26902, 0, -1.6314, -4.19761, 0
3.96, 3.71077, -2.31095, 0, -1.67851, -4.18713, 0
3.97, 3.69375, -2.35276, 0, -1.72556, -4.17613, 0
3.98, 3.67626, -2.39447, 0, -1.77255, -4.1646, 0
3.99, 3.6583, -2.43605, 0, -1.81949, -4.15255, 0
4, 3.63987, -2.47752, 0, -1.86635, -4.13997, 0
4.01, 3.62097, -2.51885, 0, -1.91314, -4.12686, 0
4.02, 3.6016, -2.56005, 0, -1.95985, -4.11323, 0
4.03, 3.58177, -2.60112, 0, -2.00647, -4.09908, 0
4.04, 3.56148, -2.64203, 0, -2.053, -4.08439, 0
4.05, 3.54071, -2.6828, 0, -2.09943, -4.06919, 0
4.06, 3.51949, -2.72341, 0, -2.14576, -4.05346, 0
4.07, 3.4978, -2.76387, 0, -2.19198, -4.03721, 0
4.08, 3.47565, -2.80416, 0, -2.23808, -4.02043, 0
4.09, 3.45304, -2.84428, 0, -2.28406, -4.00314, 0
4.1, 3.42997, -2.88422, 0, -2.32991, -3.98532, 0
4.11, 3.40644, -2.92398, 0, -2.37563, -3.96698, 0
4.12, 3.38246, -2.96356, 0, -2.42121, -3.94813, 0
4.13, 3.35802, -3.00294, 0, -2.46665, -3.92875, 0
4.14, 3.33312, -3.04213, 0, -2.51194, -3.90886, 0
4.15, 3.30778, -3.08112, 0, -2.55706, -3.88845, 0
4.16, 3.28198, -3.1199, 0, -2.60203, -3.86753, 0
4.17, 3.25574, -3.15847, 0, -2.64683, -3.8461, 0
4.18, 3.22905, -3.19682, 0, -2.69146, -3.82415, 0
4.19, 3.20191, -3.23495, 0, -2.7359, -3.8017, 0
4.2, 3.17433, -3.27285, 0, -2.78016, -3.77873, 0
4.21, 3.14631, -3.31052, 0, -2.82423, -3.75525, 0
4.22, 3.11784, -3.34795, 0, -2.8681, -3.73127, 0
4.23, 3.08895, -3.38514, 0, -2.91177, -3.70679, 0
4.24, 3.05961, -3.42209, 0, -2.95524, -3.6818, 0
4.25, 3.02984, -3.45878, 0, -2.99848, -3.65631, 0
4.26, 2.99964, -3.49521, 0, -3.04151, -3.63033, 0
4.27, 2.96901, -3.53138, 0, -3.08432, -3.60384, 0
4.28, 2.93796, -3.56729, 0, -3.12689, -3.57686, 0
4.29, 2.90647, -3.60292, 0, -3.16922, -3.54939, 0
4.3, 2.87457, -3.63827, 0, -3.21132, -3.52143, 0
4.31, 2.84225, -3.67335, 0, -3.25316, -3.49297, 0
4.32, 2.80951, -3.70813, 0, -3.29476, -3.46403, 0
4.33, 2.77636, -3.74262, 0, -3.33609, -3.43461, 0
4.34, 2.74279, -3.77682, 0, -3.37716, -3.4047, 0
4.35, 2.70881, -3.81072, 0, -3.41796, -3.37432, 0
4.36, 2.67443, -3.84431, 0, -3.45848, -3.34345, 0
4.37, 2.63964, -3.87758, 0, -3.49873, -3.31212, 0
4.38, 2.60446, -3.91055, 0, -3.53868, -3.28031, 0
4.39, 2.56887, -3.94319, 0, -3.57835, -3.24803, 0
4.4, 2.53289, -3.97551, 0, -3.61772, -3.21528, 0
4.41, 2.49652, -4.00749, 0, -3.65678, -3.18207, 0
4.42, 2.45976, -4.03915, 0, -3.69554, -3.1484, 0
4.43, 2.42261, -4.07046, 0, -3.73399, -3.11427, 0
4.44, 2.38508, -4.10143, 0, -3.77212, -3.07968, 0
4.45, 2.34717, -4.13205, 0, -3.80992, -3.04464, 0
4.46, 2.30888, -4.16232, 0, -3.84739, -3.00916, 0
4.47, 2.27022, -4.19223, 0, -3.88453, -2.97322, 0
4.48, 2.23119, -4.22178, 0, -3.92133, -2.93685, 0
4.49, 2.19179, -4.25097, 0, -3.95779, -2.90003, 0
4.5, 2.15204, -4.27978, 0, -3.9939, -2.86278, 0
4.51, 2.11192, -4.30822, 0, -4.02965, -2.8251, 0
4.52, 2.07144, -4.33628, 0, -4.06504, -2.78698, 0
4.53, 2.03062, -4.36396, 0, -4.10007, -2.74844, 0
4.54, 1.98944, -4.39125, 0, -4.13473, -2.70948, 0
4.55, 1.94792, -4.41815, 0, -4.16901, -2.67009, 0
4.56, 1.90606, -4.44465, 0, -4.20292, -2.63029, 0
4.57, 1.86387, -4.47075, 0, -4.23644, -2.59008, 0
4.58, 1.82134, -4.49645, 0, -4.26957, -2.54947, 0
4.59, 1.77848, -4.52174, 0, -4.30231, -2.50844, 0
4.6, 1.73529, -4.54662, 0, -4.33465, -2.46702, 0
4.61, 1.69179, -4.57108, 0, -4.36658, -2.4252, 0
4.62, 1.64796, -4.59512, 0, -4.39811, -2.38299, 0
4.63, 1.60383, -4.61874, 0, -4.42922, -2.34039, 0
4.64, 1.55938, -4.64193, 0, -4.45992, -2.29741, 0
4.65, 1.51463, -4.66469, 0, -4.4902, -2.25405, 0
4.66, 1.46958, -4.68701, 0, -4.52005, -2.21031, 0
4.67, 1.42423, -4.70889, 0, -4.54946, -2.1662, 0
4.68, 1.37859, -4.73033, 0, -4.57845, -2.12172, 0
4.69, 1.33266, -4.75132, 0, -4.60699, -2.07688, 0
4.7, 1.28645, -4.77187, 0, -4.63509, -2.03168, 0
4.71, 1.23996, -4.79196, 0, -4.66274, -1.98612, 0
4.72, 1.1932, -4.81159, 0, -4.68994, -1.94022, 0
4.73, 1.14616, -4.83076, 0, -4.71668, -1.89397, 0
4.74, 1.09887, -4.84947, 0, -4.74296, -1.84738, 0
4.75, 1.05131, -4.86771, 0, -4.76877, -1.80045, 0
4.76, 1.00349, -4.88547, 0, -4.79412, -1.75319, 0
4.77, 0.955425, -4.90277, 0, -4.81899, -1.70561, 0
4.78, 0.907113, -4.91959, 0, -4.84339, -1.65771, 0
4.79, 0.858559, -4.93592, 0, -4.8673, -1.60948, 0
4.8, 0.809769, -4.95177, 0, -4.89073, -1.56095, 0
4.81, 0.760746, -4.96714, 0, -4.91367, -1.51211, 0
4.82, 0.711497, -4.98202, 0, -4.93612, -1.46296, 0
4.83, 0.662026, -4.9964, 0, -4.95807, -1.41352, 0
4.84, 0.612337, -5.01029, 0, -4.97952, -1.36379, 0
4.85, 0.562437, -5.02367, 0, -5.00047, -1.31377, 0
4.86, 0.51233, -5.03656, 0, -5.02091, -1.26347, 0
4.87, 0.462021, -5.04894, 0, -5.04084, -1.21289, 0
4.88, 0.411515, -5.06082, 0, -5.06025, -1.16204, 0
4.89, 0.360817, -5.07218, 0, -5.07915, -1.11093, 0
4.9, 0.309933, -5.08303, 0, -5.09753, -1.05955, 0
4.91, 0.258868, -5.09337, 0, -5.11538, -1.00792, 0
4.92, 0.207628, -5.10319, 0, -5.1327, -0.956038, 0
4.93, 0.156216, -5.11249, 0, -5.1495, -0.903912, 0
4.94, 0.104639, -5.12127, 0, -5.16576, -0.851547, 0
4.95, 0.0529027, -5.12952, 0, -5.18148, -0.798947, 0
4.96, 0.00101151, -5.13725, 0, -5.19667, -0.74612, 0
4.97, -0.0510288, -5.14444, 0, -5.21131, -0.69307, 0
4.98, -0.103213, -5.15111, 0, -5.2254, -0.639804, 0
4.99, -0.155535, -5.15724, 0, -5.23895, -0.586326, 0
5, -0.20799, -5.16283, 0, -5.25194, -0.532642, 0
